Rank,Comrade,Rarest trait
00266,00073,Mouth - Chewy 9000 Connoisseur Edition
00412,06619,Head - Purr People Mouse-Radar
00676,05997,Head - Horns of the Peeperz People
00729,08896,Mouth - Floorbagorb Annihilator Jaw
01113,00262,Background - Super Rare Holographic Ittybits Background
01533,07190,Mouth - Carbon Fibre Sideburns
01576,07529,Mouth - Vomit Tier 1 Call The Doctor!
01980,02210,Eyes - Pit Vipers
02011,04342,Head - Wallet Drainer
02050,03103,Eyes - SKULLS FOR THE SKULL GOD
02293,06647,Head - Adeptus Cuborum Helmet MKIX
02598,04287,Mouth - Lovebound
02664,07725,Type - We the people
02778,08399,Head - Trump Hair
02906,02675,Mouth - Traditional Kaiju-Cow Hunter Camouflage
03105,04573,Eyes - Pit Vipers
03275,06188,Mouth - Stunning Mouth Eye of the Hyppo Shamans
03561,05163,Mouth - Traditional Kaiju-Cow Hunter Camouflage
03859,07093,Accessories - with a Moonbag
03993,03153,Eyes - Zoned out
04311,02492,Mouth - Sniffmaster 9000
04331,04341,Eyes - SKULLS FOR THE SKULL GOD
04365,07884,Head - Block Construction Forman Helmet
04400,05378,Mouth - Chewy 8800+
04485,08116,Mouth - Stunning Mouth Eye of the Hyppo Shamans
04703,06257,Audio Indexer Derivations - Golden Alpha Receiver
05061,04118,Eyes - Double Block Vision
05400,04800,Head - Saudi People
05621,05128,Eyes - Pit Vipers
05965,06401,Mouth - Stunning Mouth Eye of the Hyppo Shamans
06276,03062,Mouth - Please Replace Gasmask
06294,05844,Head - Captains Hat
06421,02466,Background - Macs Noise
06793,05374,Head - Blockchain Maintanance Helmet
06822,01917,Eyes - Block Vision (Drain Plains Pirates)
06879,02810,Head - Edgelord
07025,08961,Head - BCPD Police Cap
07090,00507,Eyes - Purr People Eyes
07119,08065,Head - Blockchain Maintanance Helmet
07130,00142,Mouth - Stunning Mouth Eye of the Hyppo Shamans
07133,09539,Mouth - Swedish Lumberjack
07230,01876,Cloths - Wet Suit of the Grr People
07337,03298,Head - Antenna
07371,05209,Eyes - Inner Sanctuary
07460,06958,Head - Purr People Mouse-Radar
07948,02984,Mouth - Pork People Snout
08169,03808,Background - Sunset over Block Assembly Complex C137
08240,06062,Mouth - Sniffmaster 9000
08304,04390,Head - Prince Karen
08352,03553,Eyes - Block Vision (Drain Plains Pirates)
08508,01895,Head - Mohawk White
08615,03274,Head - Mecha Crew Call Data Transceiver
08676,05048,Skin Stuff - Adeptus Cuborum Block Tattoo
08711,08085,Mouth - ULULULULULUL
08712,05124,Head - Fancy Hair black
09017,01948,Head - Iridescent Mantis Shrimpicorn Horn
09131,01421,Eyes - Block Vision (Drain Plains Pirates)
09173,06370,Head - Mecha Crew Call Data Transceiver
09311,03134,Head - Shaved
09342,09713,Mouth - Floored
09784,01216,Mouth - Irresistible Smile
